INSERT INTO Produto (
    Indice_prod,
    Nome_prod,
    Preco_prod,
    Peso_prod,
    Unidade_medida,
    Restricao_alimentar,
    Categoria,
    Lanche,
    Bebida,
    Sobremesa,
    Acompanhamento)
    VALUES
        (1, 'Coca-Cola Original', 5.00, 350, 'ml', 'sem glúten, sem lactose', 'Refrigerante', FALSE, TRUE, FALSE, FALSE),
        (2, 'Coca-Cola Zero', 5.00, 350, 'ml', 'sem glúten, sem lactose', 'Refrigerante', FALSE, TRUE, FALSE, FALSE),
        (3, 'Pepsi Original', 4.50, 350, 'ml', 'sem glúten, sem lactose', 'Refrigerante', FALSE, TRUE, FALSE, FALSE),
        (4, 'Pepsi Zero', 4.50, 350, 'ml','sem glúten, sem lactose', 'Refrigerante', FALSE, TRUE, FALSE, FALSE),
        (5, 'Guaraná Antarctica Original', 4.00, 350, 'ml', 'sem glúten, sem lactose', 'Refrigerante', FALSE, TRUE, FALSE, FALSE),
        (6, 'Guaraná Antarctica Zero', 4.00, 350, 'ml', 'sem glúten, sem lactose', 'Refrigerante', FALSE, TRUE, FALSE, FALSE),
        (7, 'Fanta Laranja', 4.50, 350, 'ml', 'sem glúten, sem lactose', 'Refrigerante', FALSE, TRUE, FALSE, FALSE),
        (8, 'Fanta Uva', 4.50, 350, 'ml','sem glúten, sem lactose', 'Refrigerante', FALSE, TRUE, FALSE, FALSE),
        (9, 'Sprite Original', 4.50, 350, 'ml','sem glúten, sem lactose', 'Refrigerante', FALSE, TRUE, FALSE, FALSE),
        (10, 'Bonafont Sem Gás', 2.00, 500, 'ml', 'sem glúten, sem lactose', 'Água', FALSE, TRUE, FALSE, FALSE),
        (11, 'Crystal Com Gás', 2.50, 500, 'ml', 'sem glúten, sem lactose', 'Água', FALSE, TRUE, FALSE, FALSE),
        (12, 'Heineken Original', 8.00, 330, 'ml', 'sem lactose', 'Cerveja', FALSE, TRUE, FALSE, FALSE),
        (13, 'Brahma Original', 6.00, 350, 'ml', 'sem lactose','Cerveja', FALSE, TRUE, FALSE, FALSE),
        (14, 'Skol Original', 5.50, 350, 'ml','sem lactose', 'Cerveja', FALSE, TRUE, FALSE, FALSE),
        (15, 'Budweiser Original', 7.00, 330, 'ml','sem lactose', 'Cerveja', FALSE, TRUE, FALSE, FALSE),
        (16, 'Chá Lipton Pêssego', 3.50, 300, 'ml','sem glúten, sem lactose', 'Chá', FALSE, TRUE, FALSE, FALSE),
        (17, 'Chá Lipton Limão', 3.50, 300, 'ml','sem glúten, sem lactose', 'Chá', FALSE, TRUE, FALSE, FALSE),
        (18, 'Suco Del Valle Laranja', 4.00, 300, 'ml', 'sem glúten, sem lactose','Suco', FALSE, TRUE, FALSE, FALSE),
        (19, 'Suco Del Valle Uva', 4.00, 300, 'ml', 'sem glúten, sem lactose','Suco', FALSE, TRUE, FALSE, FALSE),
        (20, 'Red Bull Original', 10.00, 250, 'ml', 'sem glúten, sem lactose','Energético', FALSE, TRUE, FALSE, FALSE),
        (21, 'Sanduíche de Peito de Peru e cream cheese', 30.00, 300, 'gr', '','Peru', TRUE, FALSE, FALSE, FALSE),
        (22, 'Sanduíche de Frango Desfiado', 28.00, 320, 'gr', '', 'Frango', TRUE, FALSE, FALSE, FALSE),
        (23, 'Sanduíche de Rosbife', 32.00, 310, 'gr','sem lactose', 'Bovino', TRUE, FALSE, FALSE, FALSE),
        (24, 'Sanduíche de Frango com Maionese', 39.90, 80, 'gr','sem lactose', 'Frango', TRUE, FALSE, FALSE, FALSE),
        (25, 'Sanduíche de Frango Grelhado com Salada', 19.90, 80, 'gr','', 'Frango', TRUE, FALSE, FALSE, FALSE),
        (26, 'Sanduíche de Peito de Peru', 18.90, 80, 'gr','sem lactose', 'Peru', TRUE, FALSE, FALSE, FALSE),
        (27, 'Sanduíche de Pastrami', 35.90, 80, 'gr','', 'Bovino', TRUE, FALSE, FALSE, FALSE),
        (28, 'Sanduíche de Steak com Queijo', 39.90, 80, 'gr','', 'Bovino', TRUE, FALSE, FALSE, FALSE),
        (29, 'Sanduíche de Filé de Peixe', 33.00, 310, 'gr', 'sem lactose','Peixe', TRUE, FALSE, FALSE, FALSE),
        (30, 'Hambúrguer de Picanha', 35.00, 350, 'gr','', 'Bovino', TRUE, FALSE, FALSE, FALSE),
        (31, 'Hambúrguer de Fraldinha', 33.00, 340, 'gr','', 'Bovino', TRUE, FALSE, FALSE, FALSE),
        (32, 'Hambúrguer de Frango', 29.00, 320, 'gr','', 'Frango', TRUE, FALSE, FALSE, FALSE),
        (33, 'Hambúrguer de Costela', 36.00, 360, 'gr', '','Costela', TRUE, FALSE, FALSE, FALSE),
        (34, 'Hambúrguer Veggie', 28.00, 300, 'gr', 'sem lactose','Vegano', TRUE, FALSE, FALSE, FALSE),
        (35, 'Hambúrguer Duplo de Picanha', 42.00, 400, 'gr', 'sem lactose','Bovino', TRUE, FALSE, FALSE, FALSE),
        (36, 'Hambúrguer de Picanha', 39.00, 370, 'gr','', 'Bovino', TRUE, FALSE, FALSE, FALSE),
        (37, 'Hambúrguer de Frango com Queijo', 31.00, 330, 'gr', '','Frango', TRUE, FALSE, FALSE, FALSE),
        (38, 'Hambúrguer de Fraldinha com Cheddar', 36.00, 350, 'gr','', 'Bovino', TRUE, FALSE, FALSE, FALSE),
        (39, 'Hambúrguer de Costela com Gorgonzola', 40.00, 370, 'gr', '', 'Bovino', TRUE, FALSE, FALSE, FALSE),
        (40, 'Sanduíche de Bacon', 26.00, 280, 'gr','sem lactose', 'Suíno', TRUE, FALSE, FALSE, FALSE),
        (41, 'Brownie', 8.00, 90, 'gr','', 'Bolo', FALSE, FALSE, TRUE, FALSE),
        (42, 'Cookie', 5.00, 60, 'gr','sem lactose', 'Doce', FALSE, FALSE, TRUE, FALSE),
        (43, 'Milkshake', 10.00, 300, 'ml','', 'Sorvete', FALSE, FALSE, TRUE, FALSE),
        (44, 'Sorvete Baunilha', 6.00, 120, 'gr', '', 'Bagrilha', FALSE, FALSE, TRUE, FALSE),
        (45, 'Sorvete Chocolate', 6.00, 120, 'gr', '', 'Chocolate', FALSE, FALSE, TRUE, FALSE),
        (46, 'Sorvete Morango', 6.00, 120, 'gr', '', 'Morango', FALSE, FALSE, TRUE, FALSE),
        (47, 'Bolo de Cenoura com Chocolate', 9.90, 80, 'gr', '', 'Bolo', FALSE, FALSE, TRUE, FALSE),
        (48, 'Pudim de leite', 9.00, 100, 'gr', 'sem glútem','Doce', FALSE, FALSE, TRUE, FALSE),
        (49, 'Cheesecake', 11.00, 110, 'gr', '','Torta', FALSE, FALSE, TRUE, FALSE),
        (50, 'Banoffee', 11.00, 110, 'gr','', 'Torta', FALSE, FALSE, TRUE, FALSE),
        (51, 'Batata Crinkle', 8.00, 120, 'gr','sem glúten, sem lactose', 'Frito', FALSE, FALSE, FALSE, TRUE),
        (52, 'Batata Frita', 7.00, 120, 'gr','sem glúten, sem lactose', 'Frito', FALSE, FALSE, FALSE, TRUE),
        (53, 'Batata Smile', 6.00, 100, 'gr','sem glúten, sem lactose', 'Frito', FALSE, FALSE, FALSE, TRUE),
        (54, 'Onion Rings', 9.00, 90, 'gr', 'sem glúten, sem lactose', 'Frito', FALSE, FALSE, FALSE, TRUE),
        (55, 'Salada Fresca', 10.00, 80, 'gr','sem glúten, sem lactose', 'Salada', FALSE, FALSE, FALSE, TRUE),
        (56, 'Nuggets', 9.90, 80, 'gr','sem lactose', 'Frango', FALSE, FALSE, FALSE, TRUE);

INSERT INTO Ingrediente 
    (Id_ingred,
    Tipo_ingred,
    Nome_ingred,
    Preco_venda_cliente,
    Peso_ingred,
    Indice_estoq)
    VALUES
    (1, 'Vegetal', 'Alface', 1.00, 0.05, 21),
    (2, 'Vegetal', 'Tomate', 1.50, 0.10, 22),
    (3, 'Vegetal', 'Cebola', 0.80, 0.08, 23),
    (4, 'Vegetal', 'Picles', 1.20, 0.05, 24),
    (5, 'Vegetal', 'Rúcula', 1.30, 0.04, 25),
    (6, 'Vegetal', 'Espinafre', 1.20, 0.05, 26),
    (7, 'Vegetal', 'Cenoura', 1.00, 0.07, 27),
    (8, 'Vegetal', 'Ervilha', 1.10, 0.05, 28),
    (9, 'Vegetal', 'Milho', 1.30, 0.06, 29),
    (10, 'Vegetal', 'Azeitona', 1.50, 0.03, 30),
    (11, 'Vegetal', 'Tomate Seco', 2.00, 0.05, 31),
    (12, 'Vegetal', 'Cebolinha', 1.00, 0.02, 32),
    (13, 'Vegetal', 'Salsinha', 1.00, 0.02, 33),
    (14, 'Vegetal', 'Manjericão', 1.50, 0.03, 34),
    (15, 'Carne', 'Hambúrguer de Picanha', 8.00, 0.15, 35),
    (16, 'Carne', 'Hambúrguer de Fraldinha', 8.00, 0.15, 36),
    (17, 'Carne', 'Hambúrguer Veggie', 7.50, 0.13, 37),
    (18, 'Carne', 'Bacon', 3.00, 0.05, 38),
    (19, 'Carne', 'Peito de Peru', 2.50, 0.04, 39),
    (20, 'Carne', 'Linguiça Calabresa', 3.20, 0.06, 40),
    (21, 'Carne', 'Linguiça Toscana', 4.00, 0.10, 41),
    (22, 'Carne', 'Hambúrguer de Costela', 6.00, 0.20, 42),
    (23, 'Carne', 'Frango Desfiado', 5.00, 0.15, 43),
    (24, 'Carne', 'Filé de Peixe', 6.50, 0.18, 44),
    (25, 'Carne', 'Peito de peru', 6.00, 0.12, 45),
    (26, 'Carne', 'Rosbife', 5.50, 0.15, 46),
    (27, 'Carne', 'Salame', 4.50, 0.10, 47),
    (28, 'Laticínio', 'Queijo Cheddar', 2.00, 0.03, 48),
    (29, 'Laticínio', 'Queijo Mussarela', 2.50, 0.03, 49),
    (30, 'Laticínio', 'Queijo Parmesão', 3.00, 0.02, 50),
    (31, 'Laticínio', 'Requeijão', 2.80, 0.05, 51),
    (32, 'Laticínio', 'Cream Cheese', 3.50, 0.04, 52),
    (33, 'Laticínio', 'Queijo Gorgonzola', 4.00, 0.03, 53),
    (34, 'Laticínio', 'Queijo Brie', 5.00, 0.04, 54),
    (35, 'Laticínio', 'Queijo Gouda', 4.50, 0.03, 55),
    (36, 'Laticínio', 'Queijo Provolone', 3.80, 0.03, 56),
    (37, 'Laticínio', 'Queijo Cottage', 3.20, 0.05, 57),
    (38, 'Laticínio', 'Queijo Suíço', 4.00, 0.03, 58),
    (39, 'Laticínio', 'Queijo Emmental', 4.50, 0.03, 59),
    (40, 'Molho', 'Ketchup', 1.00, 0.02, 60),
    (41, 'Molho', 'Maionese', 1.00, 0.02, 61),
    (42, 'Molho', 'Mostarda', 1.00, 0.02, 62),
    (43, 'Molho', 'Barbecue', 1.50, 0.03, 63),
    (44, 'Molho', 'Molho Especial', 2.00, 0.03, 64),
    (45, 'Molho', 'Molho de Alho', 1.50, 0.02, 65),
    (46, 'Molho', 'Molho de Pimenta', 1.20, 0.02, 66),
    (47, 'Molho', 'Molho Tártaro', 2.00, 0.03, 67),
    (48, 'Molho', 'Molho de Iogurte', 2.50, 0.04, 68),
    (49, 'Molho', 'Molho de Ervas', 2.80, 0.03, 69),
    (50, 'Pão', 'Pão de Hambúrguer', 2.50, 0.10, 70),
    (51, 'Molho', 'Molho Ranch', 2.00, 0.03, 71),
    (52, 'Molho', 'Molho de Mel e Mostarda', 2.50, 0.04, 72),
    (53, 'Molho', 'Molho Chimichurri', 2.80, 0.03, 73),
    (54, 'Pão', 'Pão Integral', 3.00, 0.12, 74),
    (55, 'Pão', 'Pão Brioche', 3.50, 0.11, 75),
    (56, 'Pão', 'Pão Australiano', 4.00, 0.13, 76),
    (57, 'Pão', 'Pão de Alho', 3.00, 0.12, 77),
    (58, 'Pão', 'Pão Sírio', 3.00, 0.10, 78),
    (59, 'Pão', 'Pão de Milho', 3.50, 0.12, 79),
    (60, 'Pão', 'Pão de Centeio', 4.00, 0.11, 80),
    (61, 'Carne', 'Pastrami', 6.00, 40, 37),
    (62, 'Carne', 'Steak', 2.00, 10, 65),
    (63, 'Pão', 'Pão de forma integral', 1.50, 30, 79);

INSERT INTO Estoque (
    Indice_estoq,
    Nome_produto,
    Quantidade,
    Unidade_medida,
    Data_fabricacao,
    Data_validade,
    Lote,
    Preco_compra_mercado)
    VALUES
    (1, 'Coca-Cola Original', 100, 'ml', '2023-01-01', '2024-01-01', 101, 3.50),
    (2, 'Coca-Cola Zero', 100, 'ml', '2023-01-01', '2024-01-01', 102, 3.50),
    (3, 'Pepsi Original', 100, 'ml', '2023-01-01', '2024-01-01', 103, 3.00),
    (4, 'Pepsi Zero', 100, 'ml', '2023-01-01', '2024-01-01', 104, 3.00),
    (5, 'Guaraná Antarctica Original', 100, 'ml', '2023-01-01', '2024-01-01', 105, 2.80),
    (6, 'Guaraná Antarctica Zero', 100, 'ml', '2023-01-01', '2024-01-01', 106, 2.80),
    (7, 'Fanta Laranja', 100, 'ml', '2023-01-01', '2024-01-01', 107, 3.00),
    (8, 'Fanta Uva', 100, 'ml', '2023-01-01', '2024-01-01', 108, 3.00),
    (9, 'Sprite Original', 100, 'ml', '2023-01-01', '2024-01-01', 109, 3.00),
    (10, 'Bonafont Sem Gás', 100, 'ml', '2023-01-01', '2024-01-01', 110, 1.50),
    (11, 'Crystal Com Gás', 100, 'ml', '2023-01-01', '2024-01-01', 111, 2.00),
    (12, 'Heineken Original', 100, 'ml', '2023-01-01', '2024-01-01', 112, 6.00),
    (13, 'Brahma Original', 100, 'ml', '2023-01-01', '2024-01-01', 113, 4.50),
    (14, 'Skol Original', 100, 'ml', '2023-01-01', '2024-01-01', 114, 4.00),
    (15, 'Budweiser Original', 100, 'ml', '2023-01-01', '2024-01-01', 115, 5.50),
    (16, 'Chá Lipton Pêssego', 100, 'ml', '2023-01-01', '2024-01-01', 116, 2.50),
    (17, 'Chá Lipton Limão', 100, 'ml', '2023-01-01', '2024-01-01', 117, 2.50),
    (18, 'Suco Del Valle Laranja', 100, 'ml', '2023-01-01', '2024-01-01', 118, 3.00),
    (19, 'Suco Del Valle Uva', 100, 'ml', '2023-01-01', '2024-01-01', 119, 3.00),
    (20, 'Red Bull Original', 100, 'ml', '2023-01-01', '2024-01-01', 120, 8.00),
    (21, 'Alface', 200, 'gr', '2023-01-01', '2023-12-31', 201, 0.80),
    (22, 'Tomate', 150, 'gr', '2023-01-01', '2023-12-31', 202, 1.20),
    (23, 'Cebola', 180, 'gr', '2023-01-01', '2023-12-31', 203, 0.60),
    (24, 'Picles', 100, 'gr', '2023-01-01', '2023-12-31', 204, 1.00),
    (25, 'Rúcula', 120, 'gr', '2023-01-01', '2023-12-31', 205, 1.10),
    (26, 'Espinafre', 110, 'gr', '2023-01-01', '2023-12-31', 206, 1.00),
    (27, 'Cenoura', 140, 'gr', '2023-01-01', '2023-12-31', 207, 0.90),
    (28, 'Ervilha', 130, 'gr', '2023-01-01', '2023-12-31', 208, 1.00),
    (29, 'Milho', 150, 'gr', '2023-01-01', '2023-12-31', 209, 1.10),
    (30, 'Azeitona', 100, 'gr', '2023-01-01', '2023-12-31', 210, 1.30),
    (31, 'Tomate Seco', 80, 'gr', '2023-01-01', '2023-12-31', 211, 1.80),
    (32, 'Cebolinha', 90, 'gr', '2023-01-01', '2023-12-31', 212, 0.80),
    (33, 'Salsinha', 90, 'gr', '2023-01-01', '2023-12-31', 213, 0.80),
    (34, 'Manjericão', 70, 'gr', '2023-01-01', '2023-12-31', 214, 1.20),
    (35, 'Picanha', 50, 'gr', '2023-01-01', '2023-12-31', 215, 6.50),
    (36, 'Fraldinha', 50, 'gr', '2023-01-01', '2023-12-31', 216, 6.50),
    (37, 'Frango', 60, 'gr', '2023-01-01', '2023-12-31', 217, 6.00),
    (38, 'Steak', 70, 'gr', '2023-01-01', '2023-12-31', 218, 2.50),
    (39, 'Peito de Peru', 80, 'gr', '2023-01-01', '2023-12-31', 219, 2.00),
    (40, 'Linguiça Calabresa', 60, 'gr', '2023-01-01', '2023-12-31', 220, 2.80),
    (41, 'Linguiça Toscana', 50, 'gr', '2023-01-01', '2023-12-31', 221, 3.50),
    (42, 'Costela', 40, 'gr', '2023-01-01', '2023-12-31', 222, 5.00),
    (43, 'Frango Desfiado', 70, 'gr', '2023-01-01', '2023-12-31', 223, 4.50),
    (44, 'Filé de Peixe', 60, 'gr', '2023-01-01', '2023-12-31', 224, 5.50),
    (45, 'Pastrami', 50, 'gr', '2023-01-01', '2023-12-31', 225, 5.00),
    (46, 'Rosbife', 50, 'gr', '2023-01-01', '2023-12-31', 226, 4.50),
    (47, 'Salame', 60, 'gr', '2023-01-01', '2023-12-31', 227, 3.80),
    (48, 'Queijo Cheddar', 100, 'gr', '2023-01-01', '2023-12-31', 228, 1.50),
    (49, 'Queijo Mussarela', 100, 'gr', '2023-01-01', '2023-12-31', 229, 2.00),
    (50, 'Queijo Parmesão', 80, 'gr', '2023-01-01', '2023-12-31', 230, 2.50),
    (51, 'Requeijão', 90, 'gr', '2023-01-01', '2023-12-31', 231, 2.30),
    (52, 'Cream Cheese', 80, 'gr', '2023-01-01', '2023-12-31', 232, 3.00),
    (53, 'Queijo Gorgonzola', 70, 'gr', '2023-01-01', '2023-12-31', 233, 3.50),
    (54, 'Queijo Brie', 60, 'gr', '2023-01-01', '2023-12-31', 234, 4.50),
    (55, 'Queijo Gouda', 70, 'gr', '2023-01-01', '2023-12-31', 235, 4.00),
    (56, 'Queijo Provolone', 80, 'gr', '2023-01-01', '2023-12-31', 236, 3.30),
    (57, 'Queijo Cottage', 90, 'gr', '2023-01-01', '2023-12-31', 237, 2.80),
    (58, 'Queijo Suíço', 70, 'gr', '2023-01-01', '2023-12-31', 238, 3.50),
    (59, 'Queijo Emmental', 60, 'gr', '2023-01-01', '2023-12-31', 239, 4.00),
    (60, 'Ketchup', 200, 'gr', '2023-01-01', '2023-12-31', 240, 0.80),
    (61, 'Maionese', 200, 'gr', '2023-01-01', '2023-12-31', 241, 0.80),
    (62, 'Mostarda', 200, 'gr', '2023-01-01', '2023-12-31', 242, 0.80),
    (63, 'Barbecue', 150, 'gr', '2023-01-01', '2023-12-31', 243, 1.20),
    (64, 'Molho Especial', 150, 'gr', '2023-01-01', '2023-12-31', 244, 1.50),
    (65, 'Molho de Alho', 150, 'gr', '2023-01-01', '2023-12-31', 245, 1.20),
    (66, 'Molho de Pimenta', 150, 'gr', '2023-01-01', '2023-12-31', 246, 1.00),
    (67, 'Molho Tártaro', 150, 'gr', '2023-01-01', '2023-12-31', 247, 1.50),
    (68, 'Moaionese', 150, 'gr', '2023-01-01', '2023-12-31', 248, 2.00),
    (69, 'Molho de Ervas', 150, 'gr', '2023-01-01', '2023-12-31', 249, 2.30),
    (70, 'Pão de Hambúrguer', 200, 'gr', '2023-01-01', '2023-12-31', 250, 2.00),
    (71, 'Molho Ranch', 150, 'gr', '2023-01-01', '2023-12-31', 251, 1.50),
    (72, 'Molho de Mel e Mostarda', 150, 'gr', '2023-01-01', '2023-12-31', 252, 2.00),
    (73, 'Molho Chimichurri', 150, 'gr', '2023-01-01', '2023-12-31', 253, 2.30),
    (74, 'Pão Integral', 200, 'gr', '2023-01-01', '2023-12-31', 254, 2.50),
    (75, 'Pão Brioche', 200, 'gr', '2023-01-01', '2023-12-31', 255, 3.00),
    (76, 'Pão Australiano', 200, 'gr', '2023-01-01', '2023-12-31', 256, 3.50),
    (77, 'Pão de Alho', 200, 'gr', '2023-01-01', '2023-12-31', 257, 2.50),
    (78, 'Pão Sírio', 200, 'gr', '2023-01-01', '2023-12-31', 258, 2.50),
    (79, 'Pão de Milho', 200, 'gr', '2023-01-01', '2023-12-31', 259, 3.00),
    (80, 'Pão de Centeio', 200, 'gr', '2023-01-01', '2023-12-31', 260, 3.50),
    (81, 'Brownie', 50, 'gr', '2025-01-01', '2025-12-31', 301, 4.00),
    (82, 'Cookie', 60, 'gr', '2025-01-01', '2025-12-31', 302, 2.50),
    (83, 'Milkshake', 40, 'gr', '2025-01-01', '2025-12-31', 303, 5.00),
    (84, 'Sorvete Bagrilha', 30, 'gr', '2025-01-01', '2025-12-31', 304, 3.00),
    (85, 'Sorvete Chocolate', 30, 'gr', '2025-01-01', '2025-12-31', 305, 3.00),
    (86, 'Sorvete Morango', 30, 'gr', '2025-01-01', '2025-12-31', 306, 3.00),
    (87, 'Bolo de Cenoura com Chocolate', 25, 'gr', '2025-01-01', '2025-12-31', 307, 6.00),
    (88, 'Pudim de leite', 20, 'gr', '2025-01-01', '2025-12-31', 308, 4.50),
    (89, 'Cheesecake', 20, 'gr', '2025-01-01', '2025-12-31', 309, 5.50),
    (90, 'Banoffee', 20, 'gr', '2025-01-01', '2025-12-31', 310, 5.50),
    (91, 'Batata Crinkle', 100, 'gr', '2025-01-01', '2025-12-31', 311, 4.00),
    (92, 'Batata Frita', 120, 'gr', '2025-01-01', '2025-12-31', 312, 3.50),
    (93, 'Batata Smile', 80, 'gr', '2025-01-01', '2025-12-31', 313, 3.00),
    (94, 'Onion Rings', 60, 'gr', '2025-01-01', '2025-12-31', 314, 4.50),
    (95, 'Salada Fresca', 30, 'gr', '2025-01-01', '2025-12-31', 315, 5.00),
    (96, 'Nuggets', 80, 'gr', '2025-01-01', '2025-12-31', 316, 4.00),
    (97,'Carrinho Hot Weels', 20, 'un', '2025-01-01', '2027-12-31', 317, 2.00),
    (98,'Barbir Girl', 20, 'un', '2025-01-01', '2027-12-31', 318, 2.00),
    (99,'Ursinho Puff', 20, 'un', '2025-01-01', '2027-12-31', 319, 2.00),
    (100,'Ioio', 20, 'un', '2025-01-01', '2027-12-31', 320, 2.00);

--verificar
INSERT INTO Bebida (
        Indice_prod,
        Marca,
        Sabor,
        Indice_estoq,
        E_Alcoolico)
        VALUES
        (1, 'Coca-Cola', 'Original', 1, FALSE),
        (2, 'Coca-Cola', 'Zero', 2, FALSE),
        (3, 'Pepsi', 'Original', 3, FALSE),
        (4, 'Pepsi', 'Zero', 4, FALSE),
        (5, 'Guaraná Antarctica', 'Original', 5, FALSE),
        (6, 'Guaraná Antarctica', 'Zero', 6, FALSE),
        (7, 'Fanta', 'Laranja', 7, FALSE),
        (8, 'Fanta', 'Uva', 8, FALSE),
        (9, 'Sprite', 'Original', 9, FALSE),
        (10, 'Bonafont', 'Sem Gás', 10, FALSE),
        (11, 'Crystal', 'Com Gás', 11, FALSE),
        (12, 'Heineken', 'Original', 12, TRUE),
        (13, 'Brahma', 'Original', 13, TRUE),
        (14, 'Skol', 'Original', 14, TRUE),
        (15, 'Budweiser', 'Original', 15, TRUE),
        (16, 'Chá Lipton', 'Pêssego', 16, FALSE),
        (17, 'Chá Lipton', 'Limão', 17, FALSE),
        (18, 'Suco Del Valle', 'Laranja', 18, FALSE),
        (19, 'Suco Del Valle', 'Uva', 19, FALSE),
        (20, 'Red Bull', 'Original', 20, FALSE);

INSERT INTO Lanche (
    Indice_prod,
    Ingredientes,
    Tamanho_lanche)
    VALUES
    (21, 'Pão Integral, Frango Desfiado, Alface, Tomate', 'Pequeno'),
    (22, 'Pão Brioche, Frango Desfiado, Alface, Queijo Cheddar', 'Médio'),
    (23, 'Pão Australiano, Rosbife, Cebola Caramelizada', 'Grande'),
    (24, 'Pão Brioche, Frango, Maionese', 'Médio'),
    (25, 'Pão Brioche, Frango, Alface, Queijo Mussarela','Grande'),
    (26, 'Sanduíche de Peito de Peru', 'Pequeno'),
    (27, 'Pão Australiano, Pastrami, Queijo Brie','Pequeno'),
    (28, 'Pão Brioche, Steak, Alface, Queijo Mussarela, Queijo Cheddar, Queijo Brie','Médio'),
    (29, 'Pão Integral, Filé de Peixe, Alface, Tomate, Molho Tártaro','Grande'),
    (30, 'Pão Brioche, Hambúrguer de Picanha, Queijo Cheddar, Bacon','Pequeno'),
    (31, 'Pão Brioche, Hambúrguer de Fraldinha, Queijo Cheddar','Médio'),
    (32, 'Pão Brioche, Hambúrguer de Frango, Alface, Queijo Cheddar','Grande'),
    (33, 'Pão Brioche, Hambúrguer de Costela, Queijo Gorgonzola','Pequeno'),
    (34, 'Pão Integral Vegano, Hambúrguer Veggie, Alface, Tomate','Médio'),
    (35, 'Pão Brioche Duplo, Hambúrguer Duplo de Picanha','Grande'),
    (36, 'Pão Brioche, Hambúrguer de Picanha, Queijo Cheddar','Pequeno'),
    (37, 'Pão Brioche, Hambúrguer de Frango, Queijo Cheddar','Médio'),
    (38, 'Pão Brioche, Hambúrguer de Fraldinha, Queijo Cheddar','Grande'),
    (39, 'Pão Brioche, Hambúrguer de Costela, Queijo Gorgonzola', 'Pequeno'),
    (40, 'Pão Brioche, Sanduíche de Bacon, Alface, Tomate', 'Médio');

INSERT INTO Sobremesa (
    Indice_prod,
    Tipo_sobremesa,
    Sabor,
    Indice_estoq)
    VALUES
    (41,'Bolo', 'Chocolate', 81),
    (42, 'Doce', 'Chocolate',82),
    (43,'Sorvete','Chocolate', 83),
    (44,'Sorvete','Bagrilha', 84),
    (45,'Sorvete','Chocolate', 85),
    (46,'Sorvete','Morango', 86),
    (47,'Bolo','Cenoura', 87),
    (48,'Pudim','Leite', 88),
    (49,'Torta','Amora', 89),
    (50, 'Torta','Banana',90);

DELETE FROM Acompanhamento;

INSERT INTO Acompanhamento (
    Indice_prod,
    Tipo_acompanhamento,
    Indice_estoq)
    VALUES
    (51, 'Assado', 91),
    (52, 'Frito', 92),
    (53, 'Frito', 93),
    (54, 'Frito', 94),
    (55, 'Salada', 95),
    (56, 'Frito', 96);